{
  "map75": 0.9450340136054421,
  "map75_95": 0.9347578231292516,
  "model": "yolo11n",
  "epochs": 8
}