{
  "map75": 0.9949999999999999,
  "map75_95": 0.9944285714285713,
  "model": "yolo11s",
  "epochs": 60
}