{
  "map75": 0.9545166666666666,
  "map75_95": 0.9282535714285713,
  "model": "yolo11n",
  "epochs": 8
}