{
  "map75": 0.9517823129251701,
  "map75_95": 0.9364411300727186,
  "model": "yolo11n",
  "epochs": 8
}