{
  "map75": 0.9949999999999999,
  "map75_95": 0.9916084353741497,
  "model": "yolo11n",
  "epochs": 60
}