{
  "map75": 0.8776261904761906,
  "map75_95": 0.8642647619047619,
  "model": "yolo11n",
  "epochs": 8
}