{
  "map75": 0.7458758503401361,
  "map75_95": 0.7404786167800453,
  "model": "yolo11n",
  "epochs": 8
}