{
  "map75": 0.9670892857142857,
  "map75_95": 0.9452877862400999,
  "model": "yolo11n",
  "epochs": 8
}