{
  "map75": 0.990238095238095,
  "map75_95": 0.9844845238095237,
  "model": "yolo11n",
  "epochs": 30
}