{
  "map75": 0.9883333333333332,
  "map75_95": 0.9769809523809522,
  "model": "yolo11s",
  "epochs": 8
}