{
  "map75": 0.6918437795656616,
  "map75_95": 0.682104826175693,
  "model": "yolo11n",
  "epochs": 8
}