{
  "map75": 0.9949999999999999,
  "map75_95": 0.9885064039408866,
  "model": "yolo11s",
  "epochs": 8
}