{
  "map75": 0.990238095238095,
  "map75_95": 0.9860562925170067,
  "model": "yolo11s",
  "epochs": 8
}