{
  "map75": 0.9749068932890165,
  "map75_95": 0.9653729405536033,
  "model": "yolo11n",
  "epochs": 30
}