{
  "map75": 0.8527025462962965,
  "map75_95": 0.8420405092592593,
  "model": "yolo11n",
  "epochs": 60
}