{
  "map75": 0.9238072808392153,
  "map75_95": 0.9077314480473672,
  "model": "yolo11n",
  "epochs": 20
}