{
  "map75": 0.9433973922902493,
  "map75_95": 0.9243741383219954,
  "model": "yolo11n",
  "epochs": 8
}