{
  "map75": 0.953207482993197,
  "map75_95": 0.9445008163265305,
  "model": "yolo11n",
  "epochs": 8
}