{
  "map75": 0.9671894086240983,
  "map75_95": 0.9602297471730897,
  "model": "yolo11n",
  "epochs": 30
}