{
  "map75": 0.9949999999999999,
  "map75_95": 0.9922842857142856,
  "model": "yolo11s",
  "epochs": 8
}