{
  "map75": 0.9609666666666665,
  "map75_95": 0.9451650751879699,
  "model": "yolo11n",
  "epochs": 8
}