{
  "map75": 0.9756703945440538,
  "map75_95": 0.9685037930880241,
  "model": "yolo11n",
  "epochs": 30
}