{
  "map75": 0.9665428571428571,
  "map75_95": 0.9536204269293924,
  "model": "yolo11n",
  "epochs": 8
}