{
  "map75": 0.9562342609771181,
  "map75_95": 0.9290478076685219,
  "model": "yolo11n",
  "epochs": 8
}