{
  "map75": 0.9797276049670568,
  "map75_95": 0.9686855184415691,
  "model": "yolo11n",
  "epochs": 30
}