{
  "map75": 0.9826630957276932,
  "map75_95": 0.9719146190747788,
  "model": "yolo11n",
  "epochs": 30
}