{
  "map75": 0.9949999999999998,
  "map75_95": 0.9894953703703702,
  "model": "yolo11n",
  "epochs": 60
}