{
  "map50": 0.9733368236405328,
  "map75": 0.9711271836869904,
  "map50_95": 0.9570191995667875,
  "model": "yolo11n",
  "epochs": 20
}