{
  "map75": 0.9855238095238092,
  "map75_95": 0.9817083333333332,
  "model": "yolo11s",
  "epochs": 8
}