{
  "map75": 0.7490560194452571,
  "map75_95": 0.7380223029481299,
  "model": "yolo11n",
  "epochs": 8
}