{
  "map75": 0.934477561992539,
  "map75_95": 0.9182121344451759,
  "model": "yolo11n",
  "epochs": 8
}