{
  "map75": 0.990738095238095,
  "map75_95": 0.9707247835497836,
  "model": "yolo11s",
  "epochs": 8
}