{
  "map75": 0.9236387755102041,
  "map75_95": 0.9064006122448979,
  "model": "yolo11n",
  "epochs": 8
}